previous_gpa,internal_score,study_hours,attendance,assignment_rate,parental_education,internet_access,extracurricular,performance_label
7.39,87.2,6.3,43.4,58.5,1,0,1,1
6.25,78.6,8.4,59.1,73.4,1,1,1,1
7.67,63.1,5.8,65.8,74.3,2,1,1,0
9.24,50.4,7.8,100.0,82.5,1,1,1,1
6.08,74.6,1.4,80.3,49.4,1,1,1,0
6.08,69.1,9.9,52.0,84.7,2,1,1,1
9.34,78.1,9.0,79.3,25.3,2,1,0,1
7.88,73.4,5.7,48.8,62.7,3,1,1,1
5.65,80.9,11.6,88.2,65.2,2,1,1,1
7.48,52.4,12.8,64.9,85.4,0,1,1,1
5.67,85.7,2.6,70.6,74.4,1,1,1,0
5.66,65.6,5.9,91.9,48.7,3,1,0,0
6.94,99.4,5.9,52.7,56.3,2,1,1,1
3.06,49.6,5.2,51.0,77.6,2,1,1,0
3.4,93.2,12.3,63.2,72.6,0,1,1,0
5.49,65.6,8.2,87.6,63.6,2,0,0,0
4.68,50.3,7.9,49.2,65.3,0,1,1,0
7.07,53.3,1.0,29.5,86.5,2,1,1,0
4.87,56.2,11.5,65.2,64.7,3,0,0,0
3.96,69.6,4.0,80.3,72.4,3,1,0,0
9.14,71.4,9.2,90.0,100.0,2,1,0,1
6.09,51.7,10.1,65.1,48.4,2,1,1,0
6.62,61.6,14.4,65.8,40.7,3,0,0,0
3.94,100.0,3.8,89.3,88.1,2,1,0,0
5.52,93.1,0.0,44.0,61.8,0,1,1,0
6.7,69.9,9.7,66.2,68.3,2,1,0,0
4.43,62.7,16.2,74.9,59.9,1,1,0,1
7.18,64.2,14.0,78.7,69.3,2,1,1,1
5.42,73.0,9.8,64.4,100.0,2,1,1,1
5.97,43.6,7.0,72.5,88.4,2,1,1,0
5.42,57.4,12.2,34.7,89.5,2,1,0,0
9.83,32.0,5.1,62.1,48.5,1,1,1,0
6.48,69.2,10.9,78.8,53.3,2,0,1,1
4.6,73.6,11.0,57.3,22.9,3,1,0,0
7.98,53.3,13.2,72.9,59.4,2,1,0,1
4.3,90.3,20.0,78.7,91.2,1,1,0,1
6.88,39.9,10.6,66.9,83.3,3,0,0,0
2.97,35.6,7.0,74.6,70.0,3,1,1,0
4.11,66.0,8.9,57.6,73.6,1,0,1,0
6.85,80.8,1.9,68.9,61.6,0,0,0,0
7.83,92.3,6.2,81.2,77.7,2,1,0,1
6.81,53.7,7.4,74.4,87.8,3,1,0,0
6.29,81.4,6.9,63.2,44.9,3,1,1,0
5.96,61.3,9.6,75.4,79.4,3,0,0,1
3.84,58.9,5.7,82.7,90.8,2,1,1,0
5.2,77.9,13.5,41.3,66.5,2,0,0,0
5.67,73.7,9.0,89.4,86.6,0,1,1,1
8.4,33.6,9.0,67.0,100.0,1,1,1,0
7.12,88.6,7.7,78.4,72.1,2,1,0,1
3.33,86.8,9.6,90.0,81.1,2,1,1,1
7.08,50.7,12.3,51.4,60.7,2,0,1,0
5.81,69.1,5.5,61.4,77.3,2,1,0,0
5.28,70.9,6.4,67.7,82.3,1,1,1,0
7.6,66.7,7.8,60.2,77.5,2,1,0,1
8.36,52.1,3.6,98.0,55.6,0,1,1,0
8.18,49.9,5.7,59.1,77.7,2,0,0,0
4.99,61.5,7.1,63.7,100.0,3,1,1,0
5.94,83.1,12.5,75.1,82.1,2,1,1,1
7.1,71.8,10.1,54.0,91.3,3,1,1,1
8.26,55.3,9.8,66.1,69.7,1,0,1,0
5.64,75.9,12.4,76.8,87.5,2,0,1,1
6.17,10.7,8.5,67.0,79.0,1,1,0,0
4.51,82.7,10.6,70.6,56.9,2,1,1,0
4.35,30.7,8.6,64.1,79.7,3,1,1,0
7.96,55.5,10.1,49.3,56.1,2,0,1,0
8.94,41.8,6.7,76.8,62.6,3,1,1,1
6.37,38.7,0.0,98.3,77.4,1,1,1,0
8.31,82.9,8.5,72.3,79.4,3,1,1,1
7.15,53.6,14.7,75.4,52.6,0,1,1,1
5.34,68.2,12.7,82.4,93.0,3,1,0,1
7.15,61.2,12.9,53.0,84.3,1,1,0,1
9.27,70.6,13.9,97.5,61.3,1,1,0,1
6.44,63.4,9.4,75.0,46.3,2,0,1,0
9.32,38.9,9.8,96.5,71.4,3,1,0,1
1.78,79.9,6.5,61.0,66.0,0,1,0,0
7.98,53.1,7.7,99.3,76.0,2,1,1,1
6.66,34.0,11.5,83.6,67.5,3,1,0,0
5.96,54.3,13.8,80.3,37.9,2,1,1,0
6.67,89.0,8.4,75.5,67.0,1,1,0,1
2.92,77.3,7.2,68.3,68.5,2,1,0,0
6.1,55.7,9.0,90.0,85.4,2,1,1,1
7.14,55.7,11.4,74.1,61.4,3,0,1,1
9.16,56.2,3.2,42.5,100.0,3,0,1,0
5.57,99.4,0.0,55.2,39.6,2,1,0,0
5.04,68.9,6.8,69.2,97.6,3,0,1,0
5.6,69.7,4.1,76.6,70.0,2,1,0,0
8.15,80.5,7.0,71.2,89.5,0,1,0,1
7.09,66.3,8.4,90.3,75.4,1,1,0,1
5.55,57.3,7.2,42.7,94.5,2,1,0,0
7.42,58.5,14.8,74.2,67.0,1,1,0,1
6.67,60.7,10.3,44.7,54.2,3,0,0,0
8.24,61.3,10.2,83.4,99.6,3,1,1,1
5.24,75.1,11.5,70.6,72.0,1,1,0,0
5.91,62.9,4.4,78.3,78.0,2,1,0,0
5.79,75.2,13.2,59.0,96.2,2,1,0,1
3.87,60.5,8.7,91.2,55.4,3,1,1,0
7.03,63.4,11.7,87.6,84.7,3,0,0,1
6.97,26.0,4.7,80.8,63.4,2,1,1,0
6.51,78.5,2.8,70.1,71.6,3,0,1,0
6.08,68.2,12.3,80.7,75.3,2,1,0,1
3.95,80.0,10.5,61.4,47.0,2,1,1,0
5.74,9.9,5.4,84.8,60.0,1,1,0,0
5.88,99.6,5.5,96.7,98.3,1,1,1,1
5.06,59.5,13.5,88.1,90.0,2,0,0,1
6.21,81.9,4.2,61.1,72.9,1,1,0,0
7.23,43.3,15.6,77.4,78.4,0,0,0,1
9.9,73.0,5.4,52.6,68.7,2,0,1,1
6.81,43.0,11.6,80.6,98.4,0,1,0,1
6.96,50.8,7.7,78.8,70.4,2,1,0,1
6.37,96.5,11.4,44.0,78.2,2,1,1,1
3.05,58.6,6.8,54.6,94.6,3,1,1,0
6.45,65.9,8.3,67.8,60.0,2,1,1,0
6.61,77.7,9.2,67.5,100.0,0,1,0,1
10.0,70.9,5.0,53.9,46.5,2,0,1,1
6.15,64.7,12.0,77.8,100.0,3,1,1,1
7.04,68.6,6.9,75.8,67.3,3,1,0,0
6.44,100.0,8.1,69.1,69.6,2,1,1,1
4.4,61.0,5.0,60.7,40.0,1,1,0,0
8.56,65.6,0.0,87.7,65.8,3,1,1,1
7.85,80.9,8.2,96.8,55.3,1,1,0,1
7.92,81.9,18.7,64.7,63.1,2,1,1,1
4.86,83.4,12.1,62.8,71.5,2,1,0,1
9.03,73.5,8.9,79.4,91.2,0,1,1,1
3.98,41.4,7.9,66.6,77.7,1,1,0,0
7.56,91.4,9.1,69.9,79.5,1,1,1,1
10.0,41.4,11.2,83.1,54.3,2,1,1,1
4.72,67.4,4.3,43.4,58.1,3,1,0,0
5.48,48.4,13.5,91.8,100.0,1,1,1,1
6.68,60.8,11.9,73.1,60.8,3,1,1,0
5.59,67.9,11.9,65.8,100.0,0,1,0,1
3.71,67.8,10.8,70.7,69.6,2,1,0,0
6.62,69.6,9.1,71.4,74.0,0,1,1,1
4.59,91.0,11.7,46.0,93.3,3,1,0,1
7.35,70.2,11.4,94.4,96.9,3,1,0,1
4.85,57.6,7.6,72.6,72.0,2,1,0,0
9.29,79.4,6.7,78.6,67.0,3,0,0,1
5.09,83.4,9.4,86.3,73.0,2,1,0,1
5.92,39.9,15.2,56.7,80.1,3,1,0,0
7.96,72.8,4.0,79.1,90.0,2,1,1,1
4.28,74.6,3.1,68.0,74.1,3,1,1,0
6.91,56.6,9.7,84.7,85.1,2,1,0,1
8.85,86.8,9.2,40.1,100.0,1,0,1,1
3.61,59.3,9.7,70.5,80.9,2,1,1,0
6.83,64.3,10.0,63.0,79.6,1,1,1,1
6.97,58.9,8.1,78.5,46.7,2,1,0,0
7.91,62.3,15.0,79.1,26.6,2,0,0,1
4.27,42.3,2.6,61.4,81.0,2,1,1,0
4.12,36.1,5.7,61.3,72.3,0,1,1,0
7.44,90.7,8.6,70.3,64.7,1,1,1,1
7.03,46.8,2.4,58.6,78.4,2,1,1,0
6.95,44.2,8.3,84.6,72.9,3,1,0,0
7.12,23.2,15.6,66.5,94.3,2,1,1,0
5.28,50.5,9.1,28.4,75.5,2,1,0,0
6.92,38.2,9.9,66.4,60.6,2,1,0,0
7.03,91.6,4.0,56.4,91.8,2,0,1,1
5.21,80.2,6.5,47.5,70.1,1,1,0,0
9.86,49.6,7.5,53.4,83.5,2,1,1,1
7.35,100.0,7.7,73.6,65.4,1,1,1,1
4.36,79.7,14.1,91.9,62.3,3,1,0,1
7.68,56.2,11.2,76.7,75.5,1,0,1,1
4.75,17.0,4.6,62.9,74.2,2,0,1,0
7.92,100.0,10.0,78.8,82.6,0,1,1,1
8.59,37.0,11.0,65.1,69.2,1,1,0,1
5.02,32.4,13.6,61.6,40.9,3,1,0,0
8.23,80.4,15.3,54.7,66.2,1,1,0,1
7.24,100.0,4.9,45.7,88.3,0,1,0,1
7.98,86.9,5.8,66.2,68.6,2,0,0,1
9.91,72.2,4.0,74.4,69.6,0,0,1,1
6.06,72.7,8.1,70.6,91.8,0,1,0,1
5.14,77.4,10.9,65.8,61.2,3,1,1,0
4.9,75.7,12.9,57.8,46.2,3,1,0,0
5.03,67.1,8.7,81.1,71.1,3,1,1,0
6.36,63.9,7.7,52.2,65.3,3,1,1,0
7.11,60.9,9.6,83.6,56.6,2,1,0,1
7.0,48.4,5.7,57.0,70.8,0,1,0,0
7.99,56.9,17.4,60.7,82.8,3,1,1,1
6.52,31.5,2.6,50.0,73.8,3,0,1,0
9.12,60.2,9.7,64.5,79.5,3,0,1,1
6.02,44.2,17.1,86.6,100.0,2,1,0,1
10.0,42.1,9.0,79.7,67.8,1,1,0,1
7.63,65.2,8.2,86.7,79.0,3,1,1,1
4.96,87.1,7.6,79.8,64.8,2,1,1,1
4.57,78.5,8.3,55.4,58.8,3,1,1,0
7.37,33.7,14.5,67.0,63.5,1,0,1,0
6.1,44.2,0.2,60.3,65.4,1,1,1,0
7.79,78.9,15.1,92.0,80.5,1,1,0,1
7.35,44.3,3.3,54.0,100.0,3,1,0,0
6.37,58.0,7.9,85.4,61.1,1,1,0,0
4.98,71.9,7.3,85.4,66.5,0,1,1,0
3.77,44.6,11.4,99.4,72.9,3,1,0,0
5.7,63.9,2.6,65.9,81.1,0,1,0,0
8.04,38.0,10.8,82.7,78.7,3,1,1,1
6.89,51.2,17.1,100.0,97.1,2,1,1,1
4.26,67.8,3.5,62.7,30.3,3,1,1,0
6.81,33.3,9.8,49.0,31.0,2,0,1,0
7.19,69.9,6.4,43.8,65.1,3,0,0,0
4.91,61.6,10.7,82.7,93.8,3,1,1,0
6.78,71.9,9.1,43.8,45.8,0,1,1,0
6.6,66.0,6.4,66.4,19.9,0,1,1,0
4.44,86.6,11.0,78.6,84.3,1,1,0,1
7.14,64.3,16.2,74.8,78.4,2,1,0,1
7.51,54.3,8.2,78.4,54.4,3,1,1,0
8.45,64.2,11.9,75.3,56.3,2,1,1,1
8.4,71.8,3.8,91.2,56.5,2,1,1,1
4.02,62.9,5.2,57.7,76.0,1,0,1,0
4.81,62.7,10.9,61.8,62.7,3,0,1,0
7.43,49.4,14.9,60.4,82.9,3,1,1,1
7.42,50.1,10.4,84.5,22.6,1,1,1,0
7.43,36.8,7.7,85.5,58.6,2,0,0,0
10.0,93.5,9.0,78.8,53.7,0,0,1,1
7.53,39.6,4.0,89.8,69.4,2,1,1,0
8.54,49.5,11.4,54.3,64.3,2,1,0,1
8.22,49.1,12.5,97.0,88.4,1,1,0,1
7.67,78.1,7.2,94.8,40.5,2,1,0,1
5.93,56.7,7.1,83.0,74.8,1,1,1,0
7.87,84.5,10.1,98.7,84.1,2,1,0,1
5.11,49.9,7.3,47.2,100.0,2,1,1,0
6.07,67.0,8.7,64.1,65.3,0,1,0,0
5.63,47.0,17.4,61.0,79.8,3,1,0,1
6.65,100.0,8.0,82.8,41.5,2,1,1,1
10.0,40.6,7.6,56.2,30.9,2,0,0,0
3.14,67.6,6.4,83.4,89.2,0,1,1,0
7.74,73.4,12.0,92.6,73.9,3,1,1,1
3.6,69.4,8.3,82.4,95.2,3,1,1,0
5.65,58.7,6.4,76.3,49.3,1,1,0,0
8.46,59.7,14.3,57.2,83.4,1,1,1,1
6.62,62.8,14.7,59.3,100.0,1,0,1,1
4.56,59.4,6.6,90.7,81.6,2,1,1,0
5.21,79.3,1.5,83.7,79.0,1,1,1,0
7.72,100.0,13.0,71.4,74.2,2,1,1,1
5.19,52.0,6.3,65.7,45.7,2,1,1,0
6.89,37.3,12.2,41.6,98.4,2,0,1,0
6.58,60.4,1.1,55.9,63.0,2,1,0,0
5.33,100.0,12.6,100.0,83.1,2,0,0,1
10.0,47.5,4.2,52.8,45.9,2,1,0,0
7.64,91.5,11.9,74.8,52.8,0,1,0,1
2.85,92.2,9.1,87.1,99.8,0,0,0,0
6.84,52.0,5.2,53.2,67.7,3,1,0,0
5.31,72.2,7.4,74.8,100.0,0,0,1,0
8.03,91.3,11.7,86.1,72.6,2,0,0,1
5.07,55.2,9.4,72.2,40.8,3,1,1,0
6.29,58.3,11.3,100.0,90.1,1,1,0,0
7.41,51.5,16.9,47.0,63.4,2,1,0,1
8.06,43.7,2.7,87.9,86.6,2,1,0,0
4.34,50.3,15.5,69.4,74.5,3,1,0,0
5.9,40.0,9.4,83.6,46.2,3,1,1,0
5.65,62.6,5.4,78.6,77.0,2,0,1,0
5.32,48.1,3.7,61.0,100.0,0,0,0,0
9.68,66.2,8.2,75.4,82.9,2,1,1,1
7.23,34.0,12.7,44.1,73.0,2,1,1,0
4.23,68.0,8.5,81.0,93.4,2,1,1,0
8.15,77.0,15.0,76.5,77.8,0,1,1,1
10.0,26.1,3.2,81.6,77.8,1,1,1,0
8.36,68.7,9.0,87.9,54.4,3,0,1,1
3.77,84.1,4.0,77.5,78.2,2,0,1,0
5.63,40.2,10.5,74.2,92.6,1,1,0,0
8.78,92.1,12.5,58.8,59.0,2,1,0,1
5.23,69.5,7.3,61.3,99.6,3,1,1,0
7.3,49.3,0.0,89.8,72.3,2,0,1,0
7.89,61.0,9.8,93.5,58.0,1,1,1,1
4.83,72.0,10.7,68.4,92.0,1,1,1,1
6.39,63.4,10.6,72.7,68.8,1,0,0,0
0.67,71.7,13.9,58.4,87.7,3,1,1,0
4.66,45.4,4.7,89.6,68.7,2,1,1,0
6.05,65.0,11.7,82.0,72.9,2,1,0,1
4.25,36.6,13.8,100.0,82.9,2,0,1,0
9.44,60.0,1.9,58.8,79.2,2,1,1,0
3.93,45.7,10.3,66.3,38.1,3,1,0,0
5.71,48.8,7.0,75.5,53.8,2,1,1,0
6.74,84.2,8.7,81.7,90.7,1,1,0,1
9.09,81.6,10.4,68.8,71.6,1,0,1,1
3.92,73.0,7.1,58.9,64.6,2,1,0,0
8.59,42.3,6.3,85.2,49.5,3,1,1,0
6.52,56.3,9.1,82.8,54.6,1,1,1,0
4.73,83.8,4.7,58.3,37.6,3,1,0,0
7.33,64.6,4.7,92.3,72.2,3,0,1,1
6.86,100.0,11.7,89.6,63.2,1,1,1,1
5.42,69.1,4.4,74.0,56.6,0,1,0,0
6.63,65.5,11.7,73.2,72.8,1,1,0,1
5.81,56.4,10.9,80.3,80.6,2,1,1,0
6.7,64.4,2.1,59.1,100.0,1,1,1,0
7.69,59.3,6.3,72.5,46.8,2,1,0,0
9.35,74.7,13.8,39.7,94.9,2,1,0,1
4.27,79.2,5.1,85.1,91.5,2,1,0,0
10.0,47.9,7.1,48.6,60.0,1,1,1,1
2.99,38.0,10.8,94.6,77.7,2,1,0,0
6.23,28.9,12.1,67.0,65.8,2,0,1,0
7.56,71.1,8.0,68.8,77.3,2,1,1,1
7.01,42.1,6.6,62.6,100.0,3,1,0,0
5.38,23.2,14.7,67.7,84.9,1,1,1,0
6.13,69.0,16.0,93.3,83.2,3,1,0,1
5.61,100.0,12.9,34.7,66.3,2,1,1,1
5.44,61.9,9.3,91.2,47.3,2,1,0,0
8.03,77.1,5.8,77.1,70.2,2,1,1,1
7.14,63.5,5.7,53.9,95.7,2,1,1,1
5.25,60.2,11.1,55.9,46.5,1,1,0,0
8.12,78.5,10.7,97.1,55.0,2,1,0,1
7.05,56.8,14.6,57.8,76.3,2,1,0,1
7.96,66.8,11.6,54.7,56.3,2,1,0,1
7.63,67.8,3.0,89.1,59.7,1,0,1,0
5.01,50.0,13.2,77.1,66.4,3,1,1,0
5.49,79.9,5.0,57.9,49.4,2,1,1,0
7.85,58.9,7.5,75.2,56.5,0,0,1,1
7.6,48.4,10.0,56.6,86.7,2,0,1,0
6.46,71.7,17.0,88.5,50.5,3,1,1,1
6.71,45.8,20.0,87.9,45.2,3,1,0,1
8.8,62.5,11.4,80.0,62.7,2,1,0,1
5.44,61.8,8.3,77.4,87.2,3,1,0,0
7.48,81.5,11.1,98.4,70.5,1,0,1,1
6.14,70.5,12.6,72.0,65.6,2,1,0,1
6.11,61.5,7.7,54.3,74.8,3,1,0,0
8.48,76.7,16.2,78.7,42.6,3,1,0,1
7.99,87.0,9.9,100.0,82.9,2,1,1,1
7.96,72.0,11.0,56.8,80.9,3,1,0,1
8.85,62.2,11.7,66.6,66.6,0,0,0,1
6.54,38.4,10.7,78.2,92.1,3,0,0,1
7.73,42.8,12.4,71.2,53.7,1,0,0,0
5.94,56.5,6.5,57.3,94.3,1,1,1,0
7.08,51.0,6.8,88.8,76.8,1,1,0,0
6.27,58.6,4.6,100.0,67.9,2,1,0,0
6.67,63.0,10.8,74.9,73.6,1,1,1,1
7.57,71.5,12.1,58.4,72.1,1,1,0,1
5.03,60.7,10.8,48.8,96.0,1,1,0,0
10.0,70.8,15.7,75.9,54.6,1,1,1,1
4.69,63.2,9.0,88.6,60.3,2,0,0,0
4.31,26.4,11.7,79.1,92.7,2,1,0,0
8.58,45.1,4.6,72.0,63.3,1,1,0,0
7.92,59.4,7.5,63.2,90.2,2,1,1,0
7.62,40.2,11.8,55.6,100.0,3,1,1,1
7.63,72.8,12.4,84.5,66.8,3,1,1,1
6.48,89.6,7.8,85.7,86.3,1,1,1,1
4.88,83.9,8.7,48.8,53.2,2,1,0,0
6.64,58.2,2.9,95.8,87.6,1,1,0,0
5.28,88.8,7.6,80.6,77.6,1,1,1,1
8.26,64.7,12.6,93.0,82.5,1,1,1,1
6.24,55.9,11.3,51.9,62.4,3,1,0,0
5.01,51.0,11.0,51.5,44.1,1,1,1,0
5.92,56.6,9.2,69.8,83.1,0,1,0,0
7.24,55.0,9.0,79.5,36.9,1,1,0,0
5.49,65.1,6.4,98.9,68.3,3,1,0,0
5.02,64.9,11.8,82.6,90.9,2,1,0,1
6.94,62.1,10.7,68.4,77.5,1,1,1,1
6.94,69.9,11.0,56.6,100.0,2,0,1,1
5.59,83.4,6.9,90.5,92.5,2,0,0,1
5.65,79.1,0.4,57.5,62.2,2,1,0,0
6.92,35.3,13.4,96.4,74.5,1,1,1,1
3.89,16.0,7.1,67.7,73.1,3,1,0,0
3.97,78.8,5.5,95.9,45.5,1,1,1,0
5.21,37.4,11.8,82.2,57.1,2,0,0,0
6.12,58.0,7.4,69.9,63.9,0,1,1,0
7.06,40.9,13.2,64.2,37.3,2,1,0,0
9.16,29.6,11.5,66.9,74.9,2,1,0,1
8.04,71.7,11.7,78.4,69.5,2,1,0,1
6.21,75.7,3.5,73.2,43.9,0,1,0,0
6.47,51.6,13.8,63.1,81.3,3,0,0,1
4.7,15.4,10.0,69.5,86.9,1,1,1,0
6.47,52.2,7.5,73.2,78.1,2,1,0,0
5.98,69.1,9.6,40.1,68.2,3,1,0,0
7.08,35.4,1.9,78.9,84.6,2,1,1,0
5.01,65.3,10.6,57.3,86.2,2,1,1,0
7.43,61.7,4.9,54.7,79.5,2,1,1,0
9.26,72.4,3.6,46.7,59.2,2,1,1,1
6.3,64.2,2.9,45.1,79.0,3,1,1,0
7.22,44.5,13.5,51.7,95.5,1,1,1,1
7.74,83.5,6.5,61.4,63.3,2,1,1,1
5.78,59.1,15.1,100.0,100.0,2,1,1,1
6.9,61.5,6.9,64.1,64.5,2,1,0,1
6.52,45.2,2.2,74.7,74.6,1,1,0,0
6.68,54.0,4.5,78.0,61.9,2,0,0,0
5.11,46.1,13.9,74.0,78.0,3,0,1,0
6.54,58.9,8.4,70.8,42.6,3,1,1,0
7.4,92.8,6.8,54.1,64.2,2,1,1,1
9.11,37.3,9.6,93.8,54.3,2,1,0,1
8.23,33.0,11.0,99.1,76.4,3,1,1,1
10.0,88.5,13.5,46.8,91.9,0,0,1,1
5.12,58.2,14.8,56.6,85.6,1,1,0,0
8.07,50.0,7.6,67.8,31.3,2,1,1,0
6.83,80.7,3.7,57.5,100.0,3,1,0,1
10.0,51.1,7.3,79.6,79.3,3,0,1,1
5.05,94.9,10.0,61.1,60.0,2,1,1,1
4.99,74.2,5.1,100.0,76.8,0,1,1,0
5.42,53.2,5.2,89.9,77.2,2,1,1,0
2.68,100.0,10.4,75.2,62.0,1,1,1,1
5.55,51.1,8.8,87.4,77.6,1,1,1,0
5.13,75.4,9.1,88.6,63.1,3,1,0,1
6.77,67.4,6.0,63.5,66.7,0,1,1,0
7.12,85.4,8.1,59.8,61.6,3,0,0,1
9.88,90.1,5.3,73.2,48.2,2,1,0,1
8.21,62.6,12.6,84.9,76.6,2,1,1,1
5.46,48.4,13.1,74.1,84.5,0,0,1,0
4.88,70.3,1.6,48.3,83.3,1,0,0,0
7.39,49.8,5.3,60.0,88.8,0,1,0,0
4.12,98.2,3.0,70.9,79.8,3,1,0,0
9.8,64.5,6.4,70.9,64.4,3,1,0,1
8.62,55.4,8.7,100.0,89.1,2,1,0,1
5.66,65.3,3.2,51.2,49.6,1,0,1,0
3.42,37.8,5.3,79.6,57.8,3,0,0,0
8.94,44.5,5.0,94.3,56.6,1,1,1,0
6.29,83.6,9.8,100.0,93.4,1,0,0,1
8.73,50.2,9.3,65.9,91.0,2,1,1,1
3.63,43.2,6.1,79.4,82.8,3,1,0,0
5.42,71.7,9.7,80.5,93.3,0,1,0,1
6.51,83.3,6.8,74.9,58.2,1,1,0,1
6.58,74.9,7.9,70.5,80.3,3,0,1,1
5.69,79.9,15.7,78.5,71.7,1,1,1,1
7.62,48.4,14.4,34.0,89.2,1,0,0,1
4.58,36.4,3.8,82.2,71.9,2,1,0,0
6.24,89.0,12.3,73.9,67.1,3,1,0,1
6.72,56.2,12.2,68.7,83.7,2,1,1,1
7.43,57.5,4.4,100.0,89.8,3,1,1,1
7.78,85.9,12.3,61.9,62.0,2,0,0,1
4.48,72.0,15.2,66.0,72.9,0,1,0,1
3.74,70.2,4.5,100.0,54.9,3,1,0,0
8.8,100.0,5.3,59.5,29.0,2,1,0,1
7.1,50.4,13.1,63.7,77.6,1,0,1,1
5.15,78.7,10.1,69.8,85.0,2,1,0,1
9.29,63.0,11.2,84.6,78.7,1,0,0,1
6.71,66.8,10.4,75.1,38.9,0,1,0,0
8.62,89.5,10.6,52.6,67.7,0,1,1,1
6.62,71.1,3.7,64.0,34.1,2,1,1,0
10.0,71.7,13.2,62.9,98.7,3,1,0,1
9.66,81.3,13.7,70.8,54.5,2,1,0,1
6.05,55.4,8.1,78.4,96.6,3,1,0,0
8.25,46.9,8.8,78.3,91.0,1,0,1,1
7.66,43.2,2.9,45.4,57.8,1,1,0,0
8.96,26.6,11.1,88.0,53.6,1,0,1,1
4.76,99.0,11.3,75.8,80.3,1,1,1,1
7.73,42.1,8.8,92.8,58.8,1,1,1,0
8.41,58.0,13.5,78.7,75.8,3,1,0,1
3.33,57.0,7.7,88.5,65.3,3,1,1,0
4.37,67.5,11.3,79.0,41.9,3,1,1,0
2.83,76.7,4.9,92.2,33.9,1,1,0,0
6.02,77.5,8.9,79.8,78.1,3,0,0,1
7.79,51.5,8.3,70.5,63.9,1,1,0,0
9.2,59.0,9.9,100.0,64.0,1,1,0,1
6.63,67.1,7.5,85.3,86.5,3,1,0,1
9.43,57.5,8.5,80.6,95.1,2,1,1,1
4.02,90.9,12.3,52.9,69.1,1,1,0,1
3.43,70.8,7.3,52.7,67.9,2,1,1,0
6.4,75.2,2.6,76.4,83.0,1,0,0,0
7.19,73.9,16.0,74.2,49.6,2,1,1,1
6.44,83.1,14.5,62.8,78.0,2,1,0,1
2.78,65.3,3.8,74.1,83.9,3,1,1,0
6.34,38.7,11.8,95.8,86.2,0,1,0,1
4.15,69.2,7.0,82.4,39.1,2,1,0,0
7.71,50.3,10.1,54.9,60.3,2,0,1,0
7.16,52.5,10.2,70.3,58.2,2,1,0,0
4.81,72.6,8.1,59.9,75.8,1,0,1,0
5.58,84.3,5.9,66.2,82.7,2,1,1,0
4.59,62.4,6.2,65.8,100.0,3,1,1,0
6.39,67.6,5.3,64.8,65.1,3,1,1,0
8.22,92.6,5.7,53.2,65.0,3,1,1,1
4.73,66.3,8.7,70.1,94.7,3,0,0,0
7.41,100.0,6.1,63.6,79.3,2,1,1,1
5.55,72.2,11.7,28.1,96.8,3,1,1,0
5.07,30.3,14.9,100.0,79.2,1,1,0,1
6.31,75.6,6.7,88.3,53.2,2,1,0,1
4.64,68.9,10.0,66.4,50.0,1,1,1,0
5.5,85.2,11.0,72.3,46.1,2,1,0,1
4.34,74.1,10.9,54.4,85.9,1,0,0,0
10.0,59.5,9.3,97.4,95.4,3,1,0,1
6.56,40.0,12.0,100.0,100.0,1,0,1,1
5.24,58.2,10.9,74.4,89.2,0,1,0,1
6.89,46.7,4.0,87.4,94.9,2,1,1,0
6.3,51.6,12.5,74.6,63.6,0,0,1,1
6.1,72.6,12.5,51.9,53.2,1,0,0,0
7.61,92.1,5.9,65.8,89.3,1,1,1,1
7.86,69.1,9.2,74.0,81.5,2,1,1,1
5.55,40.5,11.7,65.2,75.9,2,0,1,0
5.46,70.0,8.2,68.7,81.0,3,0,1,0
6.0,83.5,13.3,70.6,79.8,2,1,0,1
2.36,51.0,18.5,70.8,97.1,2,1,1,0
3.77,59.6,5.9,72.8,97.3,1,1,0,0
8.96,62.3,3.5,56.1,83.8,1,0,0,0
9.46,47.9,10.2,61.2,89.2,3,1,0,1
6.05,73.7,11.9,52.7,83.3,0,0,0,1
7.54,59.8,8.1,86.7,65.7,0,0,1,1
7.06,69.6,14.8,40.4,87.6,3,1,0,1
10.0,46.0,3.6,89.3,48.9,2,1,1,0
8.52,54.1,11.8,92.8,93.0,1,1,1,1
6.27,75.0,6.6,67.5,52.5,1,1,1,1
4.78,55.3,15.9,33.0,79.1,3,1,0,0
3.61,93.1,17.0,66.6,58.8,3,1,1,1
6.87,54.8,5.9,71.0,84.0,2,1,0,0
5.14,66.0,6.8,56.8,73.4,2,1,0,0
3.94,78.8,12.4,64.3,45.3,2,1,1,0
5.34,36.5,7.5,95.0,81.6,3,1,0,0
4.55,30.3,8.8,82.0,63.6,3,1,0,0
9.54,34.5,9.1,58.1,89.9,1,1,1,0
8.09,84.7,1.3,48.0,74.0,3,1,0,1
6.49,52.1,8.9,67.1,81.1,1,1,1,1
9.16,100.0,6.2,68.8,56.8,1,1,0,1
6.64,51.8,7.0,79.4,63.4,2,1,0,0
4.95,65.3,14.8,64.0,65.7,2,0,0,0
9.24,89.8,4.0,79.7,89.4,3,1,0,1
7.47,98.1,12.3,100.0,100.0,0,1,0,1
4.63,99.1,7.9,84.2,59.5,2,1,1,1
6.16,83.8,7.9,71.3,93.4,3,1,1,1
4.92,80.4,12.2,69.3,34.9,3,0,1,0
4.01,72.7,10.4,66.6,52.5,1,1,0,0
8.17,76.0,11.3,89.7,56.7,2,1,1,1
9.94,52.1,12.9,62.6,49.7,2,1,1,1
3.98,47.3,7.7,72.7,45.5,1,1,1,0
7.51,61.9,6.6,72.8,81.4,3,1,0,0
5.33,58.9,4.7,64.5,70.1,3,1,1,0
5.62,53.8,5.7,51.4,80.8,1,1,1,0
5.43,74.5,20.0,76.8,86.4,1,0,0,1
4.94,79.2,14.0,71.1,78.8,0,1,1,1
6.59,63.6,3.6,79.5,85.8,3,1,0,0
5.0,88.6,3.7,64.0,72.7,1,1,1,0
6.99,41.4,10.9,90.3,52.6,2,1,1,0
6.41,58.5,11.2,58.8,93.0,2,1,1,1
6.07,49.1,11.2,97.7,63.4,2,0,0,1
4.87,28.4,8.0,45.8,57.2,0,0,0,0
5.46,60.5,8.5,78.5,70.8,1,1,1,0
7.86,59.8,10.3,79.1,57.6,3,1,1,1
7.4,89.2,9.3,60.1,66.5,3,1,0,1
4.74,73.4,0.1,78.4,80.2,3,1,1,0
6.68,43.6,8.1,91.2,80.3,0,1,1,0
7.85,95.4,5.6,38.7,57.8,1,1,0,1
3.5,84.0,9.7,79.5,65.2,2,1,0,0
7.48,72.5,20.0,34.6,93.3,1,1,0,1
5.31,57.9,10.5,57.5,82.9,3,0,1,0
7.53,44.7,7.7,96.4,100.0,2,0,1,1
5.13,55.3,12.7,63.3,95.2,0,0,1,0
3.25,81.6,10.9,54.4,94.6,3,0,1,0
3.57,95.9,10.7,69.0,49.0,3,0,1,1
6.59,89.8,11.4,100.0,87.7,0,1,1,1
6.97,53.2,17.2,44.5,73.0,2,1,0,1
4.87,41.8,4.5,56.2,64.1,1,1,1,0
7.65,64.5,10.9,94.5,77.0,2,0,0,1
3.51,30.2,5.3,99.9,91.0,1,1,1,0
6.38,67.8,11.2,70.4,83.0,2,1,1,1
4.32,59.3,5.3,53.4,58.2,3,0,0,0
5.33,53.6,7.3,100.0,87.4,2,1,1,1
6.59,33.3,7.8,95.9,62.5,0,0,0,0
4.95,71.2,12.9,82.2,77.9,2,1,1,1
5.81,52.4,12.7,59.8,68.5,1,1,0,0
8.31,40.9,4.0,71.3,70.1,3,1,1,0
5.46,10.3,9.2,69.6,87.8,2,1,0,0
8.0,61.5,6.2,77.0,55.3,1,1,0,1
4.47,93.9,4.0,93.8,100.0,1,1,0,1
7.45,91.9,8.1,85.2,41.2,3,1,0,1
9.09,53.8,7.8,55.8,63.2,1,0,0,1
2.05,51.2,18.7,92.6,80.7,3,0,1,0
5.07,70.4,10.7,76.7,84.5,1,1,0,1
7.54,44.0,3.5,82.3,72.2,1,1,0,0
6.13,67.4,6.7,94.0,73.0,2,1,0,1
7.17,75.8,13.1,55.3,81.4,3,0,1,1
5.41,84.1,17.4,71.5,69.8,3,1,1,1
6.66,60.2,2.7,64.0,99.1,1,1,1,0
6.22,58.3,1.5,48.5,89.1,2,1,1,0
8.6,46.2,16.5,77.2,89.7,1,1,0,1
6.96,47.1,10.6,100.0,56.6,2,1,0,1
7.11,57.9,5.5,44.4,72.6,2,0,0,0
5.76,68.6,11.1,71.5,68.6,3,1,1,1
5.62,78.4,0.0,81.6,55.9,3,1,1,0
5.72,47.5,9.0,73.8,80.5,2,1,1,0
7.21,88.9,10.3,70.3,64.3,2,1,0,1
5.74,57.1,12.7,52.5,85.8,3,1,0,0
7.02,61.6,4.9,75.5,54.7,3,1,0,0
10.0,48.6,9.3,60.6,100.0,0,1,1,1
8.07,18.4,5.3,39.2,57.9,1,1,0,0
5.91,77.9,10.0,89.9,77.9,2,1,1,1
8.66,75.3,5.4,86.4,88.3,1,1,0,1
5.77,56.9,7.4,72.8,63.7,1,1,1,0
2.83,63.2,5.0,75.4,89.3,0,1,1,0
4.69,71.3,11.6,88.1,51.9,2,1,1,1
3.13,33.9,12.4,75.4,100.0,1,0,1,0
5.87,52.5,8.1,85.6,74.3,0,1,1,0
6.53,76.3,9.2,67.5,63.3,1,0,1,0
9.52,39.4,3.2,91.7,68.6,3,1,1,1
7.09,67.3,7.8,76.8,88.6,3,1,1,1
6.11,37.6,8.8,74.9,63.5,2,1,1,0
7.99,70.4,19.5,52.9,60.5,2,1,1,1
2.52,61.4,4.6,76.3,70.0,3,1,1,0
6.92,32.9,14.9,59.5,52.8,1,1,1,0
7.89,83.0,13.0,62.4,100.0,1,0,0,1
3.84,48.8,10.1,59.8,63.8,1,0,0,0
8.56,47.4,16.0,56.0,89.0,1,1,1,1
7.11,65.6,10.5,100.0,77.8,2,1,1,1
5.75,82.7,10.6,92.0,56.3,3,0,1,1
7.64,43.7,8.8,100.0,73.9,2,0,0,1
10.0,63.1,13.9,53.7,88.1,2,1,1,1
6.83,69.7,13.4,73.1,70.6,3,1,1,1
6.95,74.5,6.5,52.6,95.5,0,1,0,1
5.67,65.2,3.7,61.6,92.4,1,0,1,0
4.97,55.4,8.2,58.2,90.5,2,0,1,0
7.99,47.1,5.8,90.6,65.7,2,1,0,0
4.96,63.6,8.7,66.1,54.6,0,1,1,0
6.63,42.7,13.9,88.0,63.0,2,1,1,1
5.64,9.4,7.2,81.1,77.5,2,1,0,0
7.36,69.9,8.8,100.0,83.8,2,1,0,1
7.1,78.3,9.2,49.8,34.9,2,0,1,1
8.37,19.5,12.4,90.9,73.9,1,1,0,1
5.58,43.8,0.0,89.2,76.8,0,1,0,0
6.01,73.1,6.6,57.4,69.0,2,1,0,0
4.74,99.0,9.8,87.1,97.2,1,1,1,1
5.7,62.4,13.8,77.0,81.6,3,1,1,1
7.18,48.9,7.0,68.6,97.6,2,0,1,1
7.86,58.7,1.5,59.6,70.1,1,1,0,0
4.84,86.7,11.5,61.2,90.9,3,1,1,1
8.07,50.4,6.5,100.0,100.0,2,1,0,1
8.94,47.6,4.2,72.0,97.6,1,1,0,1
7.24,53.3,6.5,83.7,54.3,3,1,1,0
9.88,44.8,8.3,60.1,69.4,3,1,0,1
5.11,64.2,6.6,60.3,67.8,2,1,1,0
4.26,91.2,0.2,88.2,82.8,0,0,1,0
3.3,67.8,12.6,51.8,86.4,2,1,0,0
9.19,57.5,14.1,65.8,58.9,3,0,1,1
7.68,56.7,11.6,72.5,75.2,1,1,1,1
6.4,33.9,4.4,73.7,37.6,1,1,1,0
7.0,77.9,8.2,69.3,100.0,3,1,0,1
4.47,60.6,9.0,77.9,64.8,0,1,1,0
10.0,58.8,11.4,82.4,75.0,3,1,0,1
6.73,100.0,11.7,83.0,68.4,2,0,1,1
6.7,67.4,6.1,57.2,94.6,2,1,0,0
7.81,48.5,9.3,67.7,22.9,0,0,1,0
7.37,54.3,10.8,89.9,73.7,3,1,0,1
6.9,82.7,14.8,85.4,72.1,2,1,0,1
5.08,64.0,11.8,51.4,65.8,2,1,1,0
7.35,36.1,12.2,77.3,100.0,2,1,1,1
9.89,78.5,9.3,42.3,58.0,2,0,1,1
8.92,50.0,14.6,72.7,87.9,3,0,1,1
9.37,95.7,10.6,100.0,80.4,2,1,0,1
5.58,81.4,5.6,57.8,96.7,2,1,1,1
4.72,53.9,14.6,59.5,62.0,3,0,1,0
6.27,85.1,11.8,83.5,60.8,2,1,0,1
6.6,63.2,7.2,48.9,93.7,1,1,1,1
8.47,77.3,7.1,62.5,81.7,1,0,1,1
3.45,70.7,10.2,80.9,46.2,3,1,1,0
9.25,46.8,10.9,62.5,64.3,2,0,1,1
6.22,50.4,9.8,68.5,81.0,2,1,1,0
5.73,80.5,10.2,83.2,89.1,2,1,0,1
4.68,56.0,15.8,78.3,61.8,1,1,0,1
3.52,54.7,13.3,76.0,21.5,2,1,1,0
7.98,44.8,9.8,66.9,83.4,0,0,0,1
6.63,69.6,12.8,77.6,52.0,2,1,0,1
4.18,99.1,4.9,70.1,37.7,2,1,0,0
4.17,42.8,10.6,78.9,23.0,2,0,1,0
5.9,62.4,16.2,64.5,88.7,2,1,0,1
9.5,87.4,8.1,69.3,76.3,3,1,1,1
6.03,60.6,5.6,57.2,69.9,3,1,1,0
3.79,70.1,6.4,71.5,99.0,0,1,0,0
6.06,42.9,4.6,59.8,85.5,1,1,1,0
6.01,69.7,5.9,55.3,100.0,2,1,1,1
1.65,58.6,7.5,75.9,48.9,3,1,1,0
6.4,79.7,3.4,75.2,73.4,3,1,1,0
6.08,83.4,9.1,83.7,44.9,3,1,0,1
7.75,100.0,12.6,65.5,69.9,1,1,1,1
9.83,72.4,5.4,78.1,69.5,2,1,0,1
8.53,67.9,15.1,80.3,85.3,2,1,1,1
6.02,65.5,11.0,78.7,74.8,1,1,1,0
4.51,55.6,13.1,59.6,85.2,0,1,1,0
10.0,68.1,6.4,74.2,86.7,3,1,0,1
6.61,56.7,12.4,77.5,100.0,1,1,0,1
6.53,65.0,4.6,72.1,68.3,1,1,0,0
6.46,85.7,12.6,40.7,57.1,0,1,1,1
6.86,43.9,9.7,74.4,78.4,3,0,0,0
6.24,82.5,11.2,100.0,59.6,2,1,1,1
5.47,85.7,4.3,66.6,100.0,2,1,0,0
5.52,59.9,5.4,61.1,68.9,3,1,1,0
6.44,23.8,11.4,77.6,63.8,1,1,0,0
5.52,51.1,5.2,76.7,65.5,2,0,1,0
5.22,85.3,10.9,89.9,86.9,0,1,1,1
6.69,61.6,3.5,53.1,71.2,1,1,1,0
6.04,44.0,12.4,83.0,62.4,3,0,1,0
9.21,52.9,4.1,80.9,100.0,3,1,0,1
1.73,77.1,11.2,69.9,58.6,2,1,1,0
8.46,71.8,11.5,77.1,74.6,2,1,0,1
8.74,57.7,6.2,87.4,85.7,2,1,0,1
2.77,55.4,11.3,85.1,44.6,0,1,1,0
5.88,54.9,10.0,54.9,82.6,1,1,1,0
5.83,45.4,6.8,84.3,55.0,1,0,1,0
3.97,91.1,5.0,71.0,88.8,1,1,0,0
5.1,56.2,1.1,73.1,56.7,3,1,0,0
4.5,83.9,10.4,73.1,86.5,1,1,0,1
9.65,89.4,2.7,69.7,93.9,1,1,0,1
8.18,80.0,9.4,89.9,89.5,2,1,0,1
8.79,54.2,7.9,70.7,78.5,3,1,0,1
7.8,69.3,11.7,55.2,69.8,1,1,0,1
4.47,61.6,7.8,66.1,63.6,0,1,1,0
5.56,45.7,7.7,74.7,100.0,2,1,0,0
7.38,67.8,11.9,90.4,61.4,2,1,1,1
4.3,40.8,10.3,81.0,55.3,2,1,0,0
7.78,83.4,10.3,59.2,86.0,3,1,1,1
6.07,53.6,10.9,100.0,59.7,3,1,1,1
5.83,65.6,2.9,76.0,56.9,3,1,0,0
7.78,67.1,12.0,91.1,48.0,2,1,1,1
7.3,57.3,11.4,69.7,65.3,2,1,0,1
5.85,72.6,4.9,80.0,72.5,0,1,1,0
8.59,53.5,8.0,84.6,78.4,3,1,0,1
4.55,77.7,8.8,90.3,91.1,2,1,1,0
7.61,37.8,8.5,87.9,83.5,1,1,0,1
7.57,64.3,10.3,85.1,70.6,2,1,0,1
5.94,96.9,14.7,67.3,70.4,1,1,1,1
7.09,44.0,13.3,63.4,83.2,2,1,0,1
4.25,49.8,3.8,77.0,96.9,2,0,1,0
8.16,71.3,11.5,86.0,76.3,2,1,1,1
6.17,65.2,14.3,68.7,65.6,3,0,1,1
5.56,68.3,10.5,88.0,56.1,1,1,0,1
8.39,70.8,13.4,93.8,48.0,2,1,1,1
5.23,73.4,17.0,58.3,86.0,2,1,1,1
3.96,82.0,13.1,59.4,84.4,2,1,0,0
3.7,69.4,10.0,69.9,84.4,3,1,0,0
7.59,57.7,13.2,76.6,71.7,2,1,0,1
4.2,74.1,9.6,64.1,99.3,2,0,1,0
9.66,96.2,9.1,92.3,65.3,1,1,0,1
2.75,59.6,7.6,78.4,91.2,3,1,1,0
9.55,44.5,15.3,72.6,73.3,2,0,0,1
6.88,81.9,5.7,50.5,63.0,2,1,0,0
6.33,59.8,15.1,52.3,84.7,0,0,1,1
5.52,22.9,11.0,76.2,81.4,1,1,1,0
7.22,77.3,3.4,40.0,80.4,2,0,1,0
6.43,52.4,10.5,87.2,75.5,3,0,1,0
8.49,60.4,0.6,69.6,73.3,2,0,1,0
6.71,68.0,11.5,100.0,100.0,3,1,0,1
6.77,65.4,12.5,100.0,95.3,2,1,0,1
5.85,74.8,6.6,69.3,87.0,2,1,1,1
6.4,54.2,9.5,70.4,76.0,1,1,1,0
7.05,71.2,16.8,86.9,92.1,3,1,1,1
3.42,57.3,7.0,97.5,83.3,1,1,0,0
4.07,75.3,4.8,47.4,74.5,3,1,0,0
7.84,73.1,14.9,45.2,68.5,3,1,0,1
6.81,45.2,16.9,62.7,72.5,3,1,1,1
6.17,81.5,9.0,80.7,16.9,2,1,1,1
6.53,52.4,13.0,79.5,77.8,2,1,1,1
7.13,76.5,14.4,88.0,65.2,3,0,0,1
5.53,68.6,6.0,54.0,100.0,1,1,1,0
5.1,95.1,7.1,37.3,74.3,2,0,1,0
6.85,58.0,13.9,84.9,52.6,0,1,0,0
4.74,55.7,15.7,59.6,73.1,2,1,1,0
7.23,61.7,11.3,41.7,55.2,1,1,0,0
3.44,56.5,5.5,74.2,82.5,1,1,0,0
8.35,76.4,16.9,83.9,79.2,2,1,1,1
7.35,32.9,6.9,70.2,91.2,2,1,1,0
6.96,43.0,7.7,65.1,59.8,2,1,0,0
8.27,42.8,10.4,69.6,74.6,0,1,1,1
9.5,79.1,15.2,66.4,49.4,2,1,0,1
8.33,92.8,12.4,51.8,86.6,1,1,1,1
3.19,60.1,10.7,61.3,83.3,2,1,1,0
4.2,59.0,10.9,79.8,82.9,2,1,1,0
5.38,63.3,9.2,76.8,74.0,2,1,1,0
6.55,82.9,11.2,74.5,81.5,2,1,0,1
7.43,45.3,0.0,57.1,100.0,1,1,0,0
5.19,66.3,7.8,69.3,68.9,3,0,1,0
6.84,79.6,10.0,39.3,76.5,2,1,0,0
5.14,71.0,4.4,74.7,54.4,2,0,1,0
5.4,65.4,10.5,93.4,58.4,2,1,0,1
3.97,80.0,8.2,49.9,75.8,0,1,0,0
4.84,13.3,16.0,63.2,93.9,2,1,0,0
4.07,74.2,15.3,76.9,69.4,2,1,1,0
4.74,50.2,7.1,90.8,69.8,1,0,0,0
8.4,29.0,8.4,65.3,66.7,0,1,1,0
4.79,71.2,8.7,61.6,64.4,0,1,0,0
10.0,86.7,7.2,42.5,79.3,3,1,0,1
7.39,59.5,9.8,73.6,47.0,2,1,1,1
6.83,79.2,6.0,100.0,97.1,1,1,1,1
4.95,91.0,4.5,76.2,62.0,2,1,1,0
7.76,85.7,11.5,71.7,87.0,2,1,1,1
5.46,91.5,11.5,76.8,51.1,3,0,0,1
6.72,75.4,5.8,71.8,86.0,0,0,0,1
10.0,63.4,12.6,59.8,86.1,1,1,1,1
6.33,33.2,6.5,84.3,80.9,3,1,0,0
8.57,57.6,10.0,75.4,56.1,0,1,1,1
5.23,46.8,12.3,72.3,78.5,1,1,1,0
6.44,100.0,8.9,57.4,52.7,3,1,0,1
9.69,58.8,10.8,91.6,69.5,2,0,1,1
5.37,64.2,6.9,82.0,92.5,1,1,0,0
9.76,71.9,8.2,63.7,88.3,0,1,0,1
7.77,62.8,8.2,87.0,74.3,0,0,0,1
5.49,92.5,6.0,64.5,56.5,1,1,1,0
7.64,50.8,8.3,60.3,85.6,3,1,0,0
8.25,65.5,2.8,60.6,74.3,2,1,1,0
7.62,48.6,7.0,45.4,32.2,2,1,1,0
3.67,38.2,7.9,79.1,88.1,3,1,1,0
5.19,51.0,8.0,44.5,73.6,2,1,1,0
6.05,61.3,8.0,53.6,95.6,1,1,1,1
6.37,54.3,8.8,40.9,54.3,2,1,0,0
7.62,49.5,10.9,70.7,16.8,3,1,1,0
6.82,36.7,12.5,69.7,79.0,3,1,1,0
4.1,60.5,6.4,67.1,79.2,0,1,1,0
7.18,34.9,4.2,56.4,43.6,2,0,1,0
7.6,75.7,4.8,54.4,56.4,2,1,1,0
7.51,63.5,7.1,79.0,100.0,3,1,1,1
8.45,35.8,7.6,63.7,68.5,1,1,1,0
8.0,56.4,5.9,76.7,87.2,2,0,1,1
7.33,48.5,3.8,58.7,62.3,3,1,1,0
6.37,67.7,7.2,74.7,36.4,2,1,0,0
3.51,86.1,9.7,91.5,70.9,2,0,1,0
7.27,28.2,11.4,80.8,69.2,0,0,0,0
6.87,64.1,6.8,65.8,66.8,1,1,1,0
6.99,59.1,7.3,75.9,71.9,1,1,1,1
4.2,74.1,5.3,68.4,78.8,3,1,1,0
4.55,65.8,8.9,72.1,71.3,1,1,0,0
8.4,48.5,5.6,67.1,51.2,2,1,1,1
6.43,56.3,11.3,69.5,82.8,2,1,1,1
7.73,47.7,1.9,75.2,38.9,1,1,0,0
6.55,81.4,7.6,57.1,37.1,2,1,1,0
6.55,62.4,10.2,56.8,87.3,2,0,1,1
8.19,96.2,9.7,51.2,83.1,3,1,1,1
5.57,60.9,19.8,48.0,73.0,2,1,0,1
6.67,49.2,10.4,53.7,48.9,2,1,1,0
5.67,34.8,5.0,74.4,61.3,1,1,1,0
5.72,29.5,8.6,58.6,69.3,3,0,0,0
5.94,33.5,1.9,79.7,45.3,1,1,0,0
6.9,66.8,8.7,72.5,60.7,3,1,1,1
5.64,71.2,5.7,42.5,85.7,1,1,1,0
8.76,33.5,12.7,81.8,99.7,3,1,1,1
4.89,78.1,6.8,84.2,66.5,2,0,0,0
6.16,53.3,8.5,57.1,87.6,3,1,0,0
5.71,64.6,6.5,78.3,39.5,1,1,0,0
9.1,91.0,16.0,59.2,85.9,2,1,0,1
6.85,78.1,7.7,73.5,59.5,2,1,1,1
8.36,57.2,16.3,53.0,79.5,3,1,1,1
3.83,46.0,12.3,45.1,69.5,1,1,1,0
6.98,23.3,10.9,66.3,97.8,3,0,0,0
8.1,49.1,10.5,70.1,58.3,3,1,1,1
6.65,58.2,10.6,66.0,85.3,1,1,0,1
8.42,44.2,1.3,54.2,69.0,3,0,0,0
5.57,59.6,7.9,66.0,71.2,2,1,1,0
9.04,63.4,12.4,76.0,70.7,2,1,1,1
10.0,58.0,8.8,71.3,58.8,1,1,1,1
5.85,50.3,3.4,74.7,73.7,2,1,0,0
5.7,65.0,8.8,61.9,72.9,2,1,1,0
9.12,70.0,15.8,89.6,78.3,2,0,1,1
9.34,42.4,14.0,54.4,75.5,2,1,1,1
5.56,87.4,8.8,79.3,88.4,2,1,0,1
5.74,60.2,12.8,89.7,90.6,2,1,1,1
5.99,62.3,7.5,79.2,55.1,0,1,1,0
4.08,74.7,2.2,69.0,89.6,3,0,1,0
4.85,66.2,5.3,64.1,52.6,2,1,0,0
4.69,79.2,15.3,87.5,84.6,1,1,0,1
5.12,67.2,7.9,50.7,85.2,1,0,0,0
6.44,51.0,8.0,57.4,39.6,2,1,0,0
6.92,68.5,7.8,66.0,75.7,3,1,1,1
9.29,41.4,16.6,90.6,65.6,2,1,0,1
4.7,64.0,15.5,77.7,60.3,2,1,0,0
8.27,61.4,17.9,57.5,98.3,0,1,0,1
6.11,58.3,8.4,67.3,62.2,2,1,0,0
6.41,59.7,10.2,62.8,59.5,3,1,0,0
7.71,28.1,2.9,61.4,75.4,3,1,1,0
4.48,52.1,14.9,86.7,86.3,1,0,1,0
7.19,63.7,4.3,51.4,71.5,2,0,0,0
6.8,64.9,9.9,96.1,95.0,1,0,0,1
7.39,43.5,4.6,84.4,83.6,2,0,0,0
7.02,84.8,6.6,88.4,34.8,3,0,0,1
10.0,46.4,5.7,65.1,64.5,3,1,1,0
5.35,79.5,6.6,69.8,63.9,1,1,1,0
5.54,69.7,6.8,50.5,82.6,3,0,1,0
5.38,50.4,6.8,64.1,26.8,2,1,1,0
5.5,94.0,12.3,79.4,100.0,2,1,0,1
5.35,40.5,4.6,91.4,83.6,2,1,1,0
8.64,78.5,9.9,55.4,76.7,2,1,1,1
9.06,80.0,13.9,66.5,95.3,2,1,1,1
5.47,49.9,6.9,69.7,100.0,2,1,0,0
5.0,87.1,6.1,51.1,89.7,2,1,1,0
7.35,57.5,8.1,80.9,91.1,1,1,1,1
5.51,67.2,13.7,61.1,76.4,3,1,1,1
7.64,66.7,9.8,69.1,71.5,2,1,0,1
6.87,59.6,6.9,65.2,65.4,1,1,1,0
3.77,76.6,10.9,60.2,59.1,3,1,1,0
9.29,76.3,4.6,71.9,61.6,3,1,1,1
9.73,30.5,11.7,68.8,49.7,3,0,1,1
5.4,85.5,10.6,66.4,72.6,2,0,1,1
5.8,32.1,7.8,61.1,43.7,1,1,0,0
7.01,80.6,5.6,76.8,77.4,2,1,1,1
7.1,82.3,5.5,96.8,73.3,1,1,1,1
7.69,42.4,11.1,74.1,76.6,3,1,1,1
10.0,54.6,13.9,86.9,64.6,1,1,0,1
6.18,42.1,6.5,51.1,100.0,1,0,1,0
5.06,58.1,10.8,74.4,98.5,2,0,1,0
4.02,56.5,0.7,55.5,51.6,2,1,1,0
5.18,76.0,6.7,49.8,78.2,3,0,1,0
6.44,85.6,8.9,60.9,63.1,2,0,1,1
9.73,87.1,5.4,89.9,55.7,1,1,1,1
5.57,51.9,5.3,86.3,49.9,1,0,0,0
6.9,58.2,6.3,75.6,81.8,2,1,0,0
6.47,31.7,10.2,49.0,61.7,1,1,0,0
8.64,47.5,8.3,69.1,91.4,2,1,0,1
10.0,79.4,0.0,76.5,91.9,2,1,1,1
5.54,91.1,0.5,74.6,98.7,2,1,1,0
5.62,39.8,6.6,44.3,58.7,3,1,1,0
8.38,51.3,10.8,58.6,82.6,3,1,0,1
7.73,61.5,0.0,71.0,85.4,3,1,0,0
9.82,67.0,7.0,80.0,65.5,1,0,1,1
7.55,47.4,6.9,39.1,60.1,1,0,1,0
5.85,69.6,14.6,69.6,100.0,1,1,0,1
7.56,53.5,7.5,74.1,78.1,3,1,1,0
8.5,61.7,10.5,84.7,85.4,3,1,1,1
7.98,71.8,9.6,82.4,59.2,3,1,0,1
7.41,62.1,0.5,80.7,52.1,1,0,1,0
8.42,54.1,12.1,60.0,63.7,3,1,0,1
8.6,60.0,9.9,43.4,71.8,2,1,1,1
8.99,60.4,11.0,66.1,54.8,0,1,1,1
7.67,55.3,20.0,87.0,73.8,2,1,0,1
6.2,57.3,0.7,92.9,43.6,0,1,1,0
6.76,90.8,15.9,82.7,53.8,2,1,1,1
8.67,72.1,7.9,78.4,86.1,1,0,1,1
5.03,56.7,10.1,77.7,84.9,2,1,0,0
7.16,74.5,8.8,63.7,66.9,2,1,0,0
5.79,56.0,7.3,70.0,55.7,3,1,0,0
6.55,83.1,6.7,97.0,55.5,2,1,1,1
8.8,68.7,10.3,57.9,67.3,2,0,1,1
6.84,60.1,2.9,96.2,85.6,3,1,0,0
6.58,70.1,12.0,67.2,90.7,3,1,1,1
4.05,33.7,7.3,91.9,65.1,1,0,1,0
7.84,41.7,4.5,50.9,53.2,2,1,1,0
7.66,40.5,7.2,80.8,78.8,1,1,1,0
10.0,64.6,14.0,60.9,59.2,0,1,1,1
5.95,93.2,6.9,50.8,64.7,2,1,1,0
6.89,100.0,10.4,75.3,97.9,3,1,1,1
6.95,73.5,6.1,87.1,88.9,1,1,0,1
9.34,71.0,12.0,59.3,76.8,3,1,0,1
6.33,29.6,11.7,49.5,51.1,3,1,0,0
7.0,52.2,16.4,70.6,77.8,3,1,1,1
7.59,47.8,8.3,70.7,93.1,1,0,0,1
6.84,50.8,11.7,80.2,67.2,3,1,0,0
5.7,59.0,9.4,86.2,98.3,1,1,1,1
6.85,53.5,14.2,71.1,97.3,2,1,0,1
8.43,26.4,6.1,99.8,100.0,0,1,0,1
4.65,75.5,12.0,75.4,79.5,0,1,0,1
6.74,42.7,8.2,66.8,84.6,2,1,1,0
5.24,66.3,8.7,47.8,99.5,2,1,0,1
8.65,99.3,9.4,68.1,82.1,1,0,1,1
3.76,45.5,10.0,67.0,65.0,1,0,1,0
5.49,16.5,8.5,86.4,65.9,2,1,1,0
7.18,56.9,9.9,78.9,78.3,0,0,1,1
9.32,81.8,15.3,54.3,50.8,3,1,1,1
6.38,97.3,12.9,74.6,71.4,0,0,0,1
5.5,39.9,12.5,82.1,93.7,1,1,0,1
9.89,70.9,7.2,94.9,34.6,2,1,0,1
3.89,53.6,5.4,85.3,100.0,2,1,0,0
2.54,60.1,12.8,83.4,94.2,2,1,0,0
7.29,100.0,12.5,72.9,65.7,1,1,0,1
5.6,34.9,14.9,77.8,83.8,3,0,1,0
4.66,66.6,6.6,90.7,74.1,2,0,1,0
7.78,70.4,8.1,52.0,96.1,0,1,0,1
6.94,81.5,2.4,66.8,91.7,2,1,1,0
5.48,63.8,7.4,60.4,48.8,3,1,0,0
4.2,67.5,13.0,77.7,84.6,1,1,0,0
8.07,55.0,7.1,90.5,70.3,0,1,1,1
7.67,66.8,11.6,63.0,75.5,3,1,0,1
6.32,55.8,8.2,36.1,60.9,2,0,0,0
9.82,73.2,10.3,65.8,100.0,2,1,0,1
4.57,55.3,4.4,85.7,92.7,0,1,1,0
3.75,68.8,9.3,80.1,60.7,1,1,1,0
5.25,61.5,0.0,78.4,50.0,2,1,0,0
6.42,82.3,8.3,67.8,67.1,1,1,1,1
6.94,61.1,2.5,52.8,81.8,2,1,1,0
6.07,30.1,13.8,79.7,78.3,2,1,1,0
7.13,84.7,12.1,59.5,96.6,1,0,1,1
4.25,45.7,10.9,100.0,88.2,3,0,0,1
9.1,50.2,15.1,80.6,91.5,3,1,0,1
6.35,51.3,5.2,63.3,79.9,2,1,1,0
8.51,86.7,16.0,62.8,49.0,0,1,1,1
7.12,23.6,12.7,70.6,70.5,1,0,1,0
7.32,100.0,8.1,68.4,93.1,2,0,1,1
7.53,81.0,13.5,88.8,73.1,1,1,1,1
7.31,66.0,4.6,74.8,83.1,3,1,1,1
7.66,61.0,5.7,61.0,68.3,1,1,1,0
8.89,67.1,6.6,100.0,55.5,2,1,1,1
6.85,71.4,6.9,72.7,71.8,2,0,1,1
7.78,73.6,4.8,83.5,79.6,2,1,0,1
6.34,72.0,13.9,62.9,62.2,1,1,0,1
9.09,63.6,8.0,77.4,69.8,2,1,1,1
5.28,58.4,10.4,76.7,57.1,1,1,1,0
9.74,59.3,6.7,43.7,94.1,3,1,1,1
6.43,58.5,1.7,100.0,68.7,0,0,1,0
3.92,82.4,10.1,91.4,100.0,3,1,0,1
6.73,72.7,1.4,66.0,100.0,3,0,0,0
5.27,9.1,8.7,55.5,72.5,1,1,1,0
8.01,73.8,3.5,77.2,55.8,3,1,0,1
5.33,65.5,16.9,73.3,36.5,0,1,0,0
5.7,61.7,12.6,77.3,47.5,3,1,0,0
3.1,55.0,9.4,74.9,49.3,2,1,0,0
5.69,82.2,14.1,79.6,98.8,1,0,1,1
2.14,79.1,5.6,93.7,76.1,2,1,0,0
3.65,48.1,11.2,80.5,81.0,0,1,1,0
7.87,69.3,9.8,56.3,34.0,3,1,0,1
7.91,44.5,10.1,92.4,52.4,0,1,1,0
7.27,37.2,14.1,96.6,90.0,2,1,0,1
4.76,50.7,11.9,100.0,79.2,2,1,1,1
6.41,77.5,10.2,55.1,71.4,3,1,1,1
6.49,79.2,2.4,75.6,84.2,1,0,0,1
4.41,71.2,5.2,40.8,100.0,2,1,1,0
9.21,75.1,8.5,80.3,70.0,2,1,1,1
8.08,71.3,9.4,63.8,75.2,2,1,0,1
6.1,50.5,4.5,100.0,77.5,0,0,0,0
6.55,69.8,18.6,60.4,100.0,1,1,1,1
6.88,76.4,15.1,46.7,36.2,1,0,1,1
2.82,75.6,11.4,64.9,86.3,2,1,0,0
6.06,83.4,9.3,42.4,71.9,1,1,0,0
5.27,74.7,8.2,83.3,84.2,2,1,1,1
4.7,68.3,5.2,41.0,62.2,1,1,1,0
5.99,81.3,9.3,72.4,73.1,3,1,1,1
9.74,61.5,10.0,40.8,86.8,3,1,0,1
7.65,46.1,4.0,67.2,100.0,2,1,1,0
5.47,59.1,10.3,96.7,88.5,2,1,0,1
7.53,48.6,8.4,77.4,58.7,1,1,0,0
